<?xml version="1.0" encoding="utf-8"?>
<QuickConnect xmlns:xsi="http://www.w3.org/2001/XMLSchema-instance" xmlns:xsd="http://www.w3.org/2001/XMLSchema">
	<Database Path="%TEMP%\QuickConnect.data"/>
	<Users>
		<UserInfo Login="SYSTEM" Name="Admin User" Key="AD" Role="E3D Administrator"/>
		<UserInfo Login="ELECUSER" Name="Electrical User" Key="EL" Role="Electrical Designer"/>
		<UserInfo Login="PIPEUSER" Name="Piping User" Key="PI" Role="Piping Designer"/>
		<UserInfo Login="STEELUSER" Name="Structural User" Key="ST" Role="Structural Designer"/>
	</Users>
	<Groups>
		<Group ID="PROJADMINS" Name="Project Admins" Desc="Project Admins" Key="ADM">
			<UserInfo Login="USER1" Name="Admin User1" Key="AD1" Role="Administrator1"/>
			<UserInfo Login="USER2" Name="Admin User2" Key="AD2" Role="Administrator2"/>
			<UserInfo Login="USER3" Name="Admin User3" Key="AD3" Role="Administrator3"/>
			<UserInfo Login="USER4" Name="Admin User4" Key="AD4" Role="Administrator4"/>
		</Group>
	</Groups>
</QuickConnect>