<?xml version="1.0" encoding="utf-8"?>
<QuickConnect xmlns:xsi="http://www.w3.org/2001/XMLSchema-instance" xmlns:xsd="http://www.w3.org/2001/XMLSchema">
	<Database Path="%TEMP%\QuickConnect.data"/>
	<Users>
		<UserInfo Login="SYSTEM" Name="Admin User" Key="AD" Role="E3D Administrator"/>
		<UserInfo Login="ELECUSER" Name="Electrical User" Key="EL" Role="Electrical Designer"/>
		<UserInfo Login="PIPEUSER" Name="Piping User" Key="PI" Role="Piping Designer"/>
		<UserInfo Login="STEELUSER" Name="Structural User" Key="ST" Role="Structural Designer"/>
	</Users>
	<Groups>
		<Group ID="KEYUSERS" Name="Project Users" Desc="Project Key Users" Key="PRO">
			<UserInfo Login="SYSTEM" Name="Admin User" Key="AD" Role="E3D Administrator"/>
			<UserInfo Login="ELECUSER" Name="Electrical User" Key="EL" Role="Electrical Designer"/>
			<UserInfo Login="PIPEUSER" Name="Piping User" Key="PI" Role="Piping Designer"/>
			<UserInfo Login="STEELUSER" Name="Structural User" Key="ST" Role="Structural Designer"/>
		</Group>
	</Groups>
</QuickConnect>